{"version":"6.1","id":"xcn2m246tsx5umfvky8mi85w","name":"Assistente PROSPER","events":[{"id":"bflmjw0ixp53jvvgony72b3v","outgoingEdgeId":"yfdq588x3wbbvt4bjwftline","graphCoordinates":{"x":-97.5,"y":-502.5},"type":"start"}],"groups":[{"id":"u5ehh2r6clrzxw8sfkt8mpeq","title":"Saudação","graphCoordinates":{"x":350.9,"y":-1019.4},"blocks":[{"id":"qr1n6lirmmk6pzreyljvrs6w","type":"text","content":{"richText":[{"type":"p","children":[{"text":"Olá! "},{"bold":true,"text":"{{pushName}}"},{"text":", {{saudacao}}! "}]},{"type":"p","children":[{"text":"Bem-vindo! Eu sou a "},{"bold":true,"text":"Prosper"},{"text":", assistente de TI. "}]}]}},{"id":"nkzxjflps13kwyld6l15m6r1","outgoingEdgeId":"dyno555a8qhme91623ocqm7t","type":"text","content":{"richText":[{"type":"p","children":[{"text":"Antes de prosseguirmos, preciso de algumas informações: "}]}]}}]},{"id":"gewg23mey5xygdptrkh8cgax","title":"Menu Principal","graphCoordinates":{"x":361,"y":-584.5},"blocks":[{"id":"w0uy8rt2sgncg0042lhap2t7","type":"text","content":{"richText":[{"type":"p","children":[{"bold":true,"text":"{{pushName}}"},{"text":",  👉  "},{"bold":true,"text":"Digite uma das opções abaixo:","italic":true},{"text":" ⬇️ "}]},{"type":"p","children":[{"text":""}]},{"type":"p","children":[{"text":"1 - 📌 sistema Target Mob"}]},{"type":"p","children":[{"text":"2 - 🖨 Solicitação de impressão"}]},{"type":"p","children":[{"text":"3 - 📶 Solicitação de senha Wi-Fi (Prosper Guest)"}]},{"type":"p","children":[{"text":"4 - 📞 Avaya"}]},{"type":"p","children":[{"text":"5 - 📲 Autorização para instalar aplicativos na Play Store"}]},{"type":"p","children":[{"text":"6 - 📱 Suporte com celulares"}]},{"type":"p","children":[{"text":"7 - 💻 Suporte com computadores"}]},{"type":"p","children":[{"text":"8 - 🔑 Liberação de acesso"}]},{"type":"p","children":[{"text":"9 - ❓ Outros Serviços "}]},{"type":"p","children":[{"text":""}]}]}},{"id":"myq8q1fd1b98uantngw8mggj","outgoingEdgeId":"q3fvp0a66z625v5m3htncmqb","type":"number input","options":{"variableId":"vqpuplgq12kv5uj3gmw3v59qp","labels":{"placeholder":"","button":"Enviar"},"min":1,"max":9}}]},{"id":"cfu6adwlopvoev43z2bckr21","title":"Condicional - Menu Principal","graphCoordinates":{"x":739.17,"y":-252.82},"blocks":[{"id":"ia3wiut5eh9xxivhe2kvip5g","type":"Condition","items":[{"id":"i46sjeohg055o4r89qg9nr5m","outgoingEdgeId":"sje6b8xhes7w5g0l7ghi1a88","content":{"logicalOperator":"AND","comparisons":[{"id":"f30hjvasuiwvf4a1sqrxiple","variableId":"vqpuplgq12kv5uj3gmw3v59qp","comparisonOperator":"Equal to","value":"1"}]}},{"id":"m9wh6gmfkk9n3viuqkdosv2l","outgoingEdgeId":"lcckgo5jeh8dq6quucb2ievg","content":{"logicalOperator":"AND","comparisons":[{"id":"y8oznu2tauwxq2v8f4ltabu4","variableId":"vqpuplgq12kv5uj3gmw3v59qp","comparisonOperator":"Equal to","value":"2"}]}},{"id":"i974yz8gzfgwv0mv2mtc043a","outgoingEdgeId":"bukpmt76bq52m77k5e9vs0k9","content":{"logicalOperator":"AND","comparisons":[{"id":"jgllyhb6wkuzf04advu17aai","variableId":"vqpuplgq12kv5uj3gmw3v59qp","comparisonOperator":"Equal to","value":"3"}]}},{"id":"sdhoe9rgg6bir0bulcqbz2n9","outgoingEdgeId":"eu9lspkplms769aw3otah0m0","content":{"logicalOperator":"AND","comparisons":[{"id":"jgllyhb6wkuzf04advu17aai","variableId":"vqpuplgq12kv5uj3gmw3v59qp","comparisonOperator":"Equal to","value":"4"}]}},{"id":"amqemche34tcpybhbb0w25lc","outgoingEdgeId":"pk3ipq5fw976jb0z1slkplgp","content":{"logicalOperator":"AND","comparisons":[{"id":"jgllyhb6wkuzf04advu17aai","variableId":"vqpuplgq12kv5uj3gmw3v59qp","comparisonOperator":"Equal to","value":"5"}]}},{"id":"jaf33dv3nio2cv7tf3pc7tbm","outgoingEdgeId":"q19ix1ldlt5qx5i38ckosqgn","content":{"logicalOperator":"AND","comparisons":[{"id":"jgllyhb6wkuzf04advu17aai","variableId":"vqpuplgq12kv5uj3gmw3v59qp","comparisonOperator":"Equal to","value":"6"}]}},{"id":"xh1f0ac2zcnexho06z0yw7x7","outgoingEdgeId":"r4qh46mo1mi5cnr47g0w8huq","content":{"logicalOperator":"AND","comparisons":[{"id":"jgllyhb6wkuzf04advu17aai","variableId":"vqpuplgq12kv5uj3gmw3v59qp","comparisonOperator":"Equal to","value":"7"}]}},{"id":"gqdjn6vhrtxs887krdn87l9h","outgoingEdgeId":"xlmbhh9900tkyej7zmbat4fc","content":{"logicalOperator":"AND","comparisons":[{"id":"jgllyhb6wkuzf04advu17aai","variableId":"vqpuplgq12kv5uj3gmw3v59qp","comparisonOperator":"Equal to","value":"8"}]}},{"id":"n2p4c58n3cg400x7uvp51f2n","outgoingEdgeId":"bza3ewgt7namuuzfbywxwilp","content":{"logicalOperator":"AND","comparisons":[{"id":"jgllyhb6wkuzf04advu17aai","variableId":"vqpuplgq12kv5uj3gmw3v59qp","comparisonOperator":"Equal to","value":"9"}]}}]}]},{"id":"yva6mzyg8njyt7o24sgooda9","title":"ℹ️ Informações sobre ","graphCoordinates":{"x":1407.03,"y":-1507.01},"blocks":[{"id":"o9ppeqz6jqpt5iqasykel05p","type":"text","content":{"richText":[{"type":"p","children":[{"text":"{{pushName}} Por favor, envie o arquivo que deseja imprimir e informe a quantidade de cópias necessárias."}]}]}},{"id":"uffx9k4umuz6lz8bb04qo132","type":"Wait","options":{"secondsToWaitFor":"60"}},{"id":"fbw44jh8ldr0l4ixtpbyin0j","outgoingEdgeId":"b1y6fqmhf2kbpvnyjt2epstd","type":"text","content":{"richText":[{"type":"p","children":[{"text":"Em breve, o "},{"bold":true,"text":"técnico"},{"text":" confirmará a impressão com você! "}]}]}}]},{"id":"cp2qnhz4bsfnmp5ypssrlo14","title":"VARIAVEIS","graphCoordinates":{"x":-86,"y":-281.62},"blocks":[{"id":"szsd89xozmyj7c6afyqke0k6","type":"Set variable","options":{"variableId":"vval0xv9xy2jfucfprbk5x0yu","type":"User ID"}},{"id":"uticok6r6ri0hggej0lwbsl3","type":"Set variable","options":{"variableId":"vy9zef4o7jy3lcfdk7czgpxx3","expressionToEvaluate":"let numero = {{remoteJid}}.replace(/[^0-9]/g, '');\nreturn numero;"}},{"id":"kor4enjxq8wi37x02ng0hybr","type":"Set variable","options":{"variableId":"vjzfqb5swoqliub4mg66tjiwj","expressionToEvaluate":"{{pushName}}"}},{"id":"lvx6ry6g03ezi1w6bx585qff","type":"Set variable","options":{"variableId":"vyhjuhh0y4y26eew51ge00rpe","expressionToEvaluate":"// Obter a data atual como objeto Date\nlet dataAtual = new Date();\n\n// Configurar o fuso horário\ndataAtual = new Date(dataAtual.toLocaleString('en-US', { timeZone: 'America/Recife' }));\n\n// Obter o horário atual\nlet horaAtual = dataAtual.getHours();\n\n// Determinar a saudação adequada baseada na hora do dia\nlet saudacao;\nif (horaAtual >= 5 && horaAtual < 12) {\n    saudacao = \"Bom dia\";\n} else if (horaAtual >= 12 && horaAtual < 18) {\n    saudacao = \"Boa tarde\";\n} else if (horaAtual >= 18 && horaAtual <= 23) {\n    saudacao = \"Boa noite\";\n} else {\n    saudacao = \"Boa noite\";\n}\n\n// Exibir a saudação\nreturn saudacao"}},{"id":"nel49w9dak0qliacybopuqf0","type":"Set variable","options":{"variableId":"vw2r82zcmq83kt6r4ak3gubhc","expressionToEvaluate":"// Obter a data atual como objeto Date\nlet dataAtual = new Date();\n\n// Configurar o fuso horário\ndataAtual = new Date(dataAtual.toLocaleString('en-US', { timeZone: 'America/Sao_Paulo' }));\n\n// Extrair o dia, mês, ano, hora e minuto da data\nlet dia = dataAtual.getDate();\nlet mes = dataAtual.getMonth() + 1; // Lembre-se de que os meses começam em zero.\nlet ano = dataAtual.getFullYear();\nlet hora = dataAtual.getHours();\nlet minuto = dataAtual.getMinutes();\n\n// Formatando a data no formato desejado (dia/mês/ano HH:mm)\nlet dataFormatada = dia + '/' + mes + '/' + ano + ' ' + (hora < 10 ? '0' : '') + hora + ':' + (minuto < 10 ? '0' : '') + minuto;\n\nreturn dataFormatada;"}},{"id":"wz5zv5sza8la07xbt35709p6","type":"Set variable","options":{"variableId":"vwlz63r3363dj516oi0wz3ku2"}},{"id":"o3mak698ikemc78f60movf7e","type":"Set variable","options":{"variableId":"vb9nwuywe29ho49y49nu3jdlw"}},{"id":"tgha1pg5r6jpojsthixutivz","outgoingEdgeId":"at2lca2izs58u6z87eegsw7q","type":"Set variable","options":{"variableId":"vthdo745gwk1xonxp2po8vv6t"}}]},{"id":"r7b2zkzzlrcyxj9u70u33doa","title":"Saudação (1)","graphCoordinates":{"x":683.17,"y":-1019.78},"blocks":[{"id":"r754pfrxsab7x7gxjuvfxzy1","type":"text","content":{"richText":[{"type":"p","children":[{"text":"Qual é o seu "},{"bold":true,"text":"nome de guerra"},{"text":"? "}]}]}},{"id":"nflpodaz4syp8dvvkyqnx4es","type":"text input","options":{"labels":{"placeholder":"Qual é o seu nome de guerra? ","button":"Enviar"},"variableId":"vvl9jdedhku3yvjdzzcwu8eo0","isLong":false}},{"id":"gtiqare12rmyw4lkmqcjzhnb","type":"text","content":{"richText":[{"type":"p","children":[{"text":"Me informe sua "},{"bold":true,"text":"Equipe"},{"text":"?"}]}]}},{"id":"nzqj0e4yp6323hlsoyvdm12q","outgoingEdgeId":"j9c4ruixd0bcd3lszt34hes0","type":"text input","options":{"labels":{"placeholder":"Me informe sua Equipe?","button":"Enviar"},"variableId":"vvl9jdedhku3yvjdzzcwu8eo0","isLong":false}}]},{"id":"lcltkcjra4uyh5ymfji1ks9y","title":"avaya","graphCoordinates":{"x":2816.51,"y":-23.2},"blocks":[{"id":"qq74obxvwn2lq67n854g1i4x","type":"text","content":{"richText":[{"type":"p","children":[{"text":"Entendi! {{pushName}} Qual é o problema com o "},{"bold":true,"text":"Avaya"},{"text":"? Você está com dificuldades para fazer ou receber chamadas?  Ele não está abrindo ou aparece alguma mensagem de erro? "}]}]}},{"id":"fhn2cixfopi03v4jrj8r6mf4","outgoingEdgeId":"y72yqqsov7j6nve8mkfcpzm5","type":"Wait","options":{"secondsToWaitFor":"10"}}]},{"id":"pgen88bpwkrx4lwnwlz73pj4","title":"app PlayStore","graphCoordinates":{"x":2249.21,"y":186.79},"blocks":[{"id":"mgkiku310po6aob5wco44x11","type":"text","content":{"richText":[{"type":"p","children":[{"text":"{{pushName}} Para liberar a instalação do aplicativo, preciso que você me informe o nome do aplicativo."}]}]}},{"id":"nk5iaowcq9ipryjqvoj0bbg1","type":"text input","options":{"labels":{"placeholder":"Nome do Aplicativo ?","button":"Enviar"},"variableId":"vvl9jdedhku3yvjdzzcwu8eo0","isLong":false}},{"id":"kr395hbnhgeya41x3mpzr5o4","type":"text","content":{"richText":[{"type":"p","children":[{"bold":true,"text":"Proximo passo."}]}]}},{"id":"dt0iizowmdbowhaxi7ddcbdu","type":"text","content":{"richText":[{"type":"p","children":[{"text":"Acesse a "},{"bold":true,"text":"Play Store"},{"text":" e clique em "},{"bold":true,"text":"\"Instalar\""},{"text":". Em seguida, duas opções serão exibidas. Selecione a opção "},{"bold":true,"text":"\"Pedir por mensagem\""},{"text":"."}]}]}},{"id":"iofy55r9l0gt4cmmlj0a7tms","type":"Wait","options":{"secondsToWaitFor":"60"}},{"id":"xx4fktrnh0jkp5qal6s1ybmu","outgoingEdgeId":"m3vy11cl6jugcpn42a0tpzc8","type":"text","content":{"richText":[{"type":"p","children":[{"text":"Assim que o aplicativo for aprovado, a instalação será realizada automaticamente. "}]}]}}]},{"id":"bzeudg05v6em33sfer7b3o0d","title":"Celular","graphCoordinates":{"x":1741.46,"y":166.04},"blocks":[{"id":"po0r7nbbkk7urt5lo6x4ac06","type":"text","content":{"richText":[{"type":"p","children":[{"text":"{{pushName}} Em que posso ajudá-lo com seu Celular? "}]}]}},{"id":"nkpfg4j0max4zpfz0o835iip","type":"text input","options":{"labels":{"placeholder":"Me diga qual ERRO"}}},{"id":"mhw360vrqkhkbg5fjac917xn","type":"text","content":{"richText":[{"type":"p","children":[{"text":"Aguarde um momento, o "},{"bold":true,"text":"técnico"},{"text":" entrará em contato "}]}]}},{"id":"u27umtehmpw5j0zylt1a8uds","outgoingEdgeId":"xi8kb3v6ap5ph35iord6t492","type":"Wait","options":{"secondsToWaitFor":"10"}}]},{"id":"fy810wz7zszc61xjld92nxjc","title":"computador","graphCoordinates":{"x":1737.71,"y":539.79},"blocks":[{"id":"mnzatgwspux9qlkkd8wvz0ea","type":"text","content":{"richText":[{"type":"p","children":[{"text":"{{pushName}} Em que posso ajudá-lo com seu computador? "}]}]}},{"id":"tb6s05gif2cyrj65mz8a0r7i","type":"text input","options":{"labels":{"placeholder":"Me diga qual ERRO"}}},{"id":"jxlnwefip22wp4hsuv11lut5","type":"text","content":{"richText":[{"type":"p","children":[{"text":"Aguarde um momento, o "},{"bold":true,"text":"técnico"},{"text":" entrará em contato !"}]}]}},{"id":"mi843itetgi1wbyk5g02qap3","outgoingEdgeId":"y1i5swo5j3zsk4ieeof6ju8s","type":"Wait","options":{"secondsToWaitFor":"10"}}]},{"id":"fi8egpq3va6jqbb6zss7n913","title":"Acesso","graphCoordinates":{"x":1432.71,"y":674.79},"blocks":[{"id":"qbhwyxmkfnwge2kw5u3h2guh","type":"text","content":{"richText":[{"type":"p","children":[{"text":"Oi, {{pushName}}!"}]},{"type":"p","children":[{"text":"Sabemos que você está tentando acessar o sistema ERP. "}]},{"type":"p","children":[{"text":""}]}]}},{"id":"lsnvikywbu9pee9s98p8h4c7","type":"text","content":{"richText":[{"type":"p","children":[{"text":"Às vezes, pode demorar um pouquinho por causa dos limites de acesso."}]},{"type":"p","children":[{"text":""}]}]}},{"id":"endmpxsk80syevqeuuo0utc1","type":"text","content":{"richText":[{"type":"p","children":[{"text":"Continue tentando, por favor. O técnico já está cuidando disso e vai liberar seu acesso rapidinho."}]},{"type":"p","children":[{"text":""}]},{"type":"p","children":[{"text":""}]}]}},{"id":"vckusnqxloqayjtelqlvf22l","type":"text","content":{"richText":[{"type":"p","children":[{"text":""}]},{"type":"p","children":[{"text":"Assim que conseguir entrar, avise a gente para termos certeza de que deu tudo certo!"}]},{"type":"p","children":[{"text":""}]},{"type":"p","children":[{"text":""}]}]}},{"id":"ulmvkzctx5j9pnhg635knh29","type":"text","content":{"richText":[{"type":"p","children":[{"text":""}]},{"type":"p","children":[{"text":"Obrigado pela paciência! "}]},{"type":"p","children":[{"text":"Abraço, Equipe de "},{"bold":true,"text":"TI."}]},{"type":"p","children":[{"text":""}]}]}},{"id":"pbmmgu9mzpbgb69bgnmv07kg","outgoingEdgeId":"g6qfftaay6k7f25mazclsvb6","type":"Wait","options":{"secondsToWaitFor":"10"}}]},{"id":"lezobxy9r8v5ak4lrrlqpv4b","title":"Outros","graphCoordinates":{"x":1037.71,"y":798.54},"blocks":[{"id":"p4ehbsuyk2h9ayur6t7xi3mq","type":"text","content":{"richText":[{"type":"p","children":[{"text":"Está com algum outro problema {{pushName}} ? Conta pra gente o que está acontecendo."}]}]}},{"id":"j8x4kwegxjougubn9rzdkf5x","type":"text input","options":{"labels":{"placeholder":"Me diga qual ERRO"}}},{"id":"bn5qknyddc2s9ntzefj8dd76","type":"text","content":{"richText":[{"type":"p","children":[{"text":"Obrigado ! "}]}]}},{"id":"a4q7oaq409jw9ma6gr0qs80z","type":"text","content":{"richText":[{"type":"p","children":[{"text":"Aguarde um momento, o "},{"bold":true,"text":"técnico"},{"text":" entrará em contato !"}]}]}},{"id":"emw4r282483x3ijqv8a1zdek","outgoingEdgeId":"omfsec3zocxw526mifd7sk8d","type":"Wait","options":{"secondsToWaitFor":"10"}}]},{"id":"m9i0iyn8oigyiewbhdkakqfl","title":"sistema Target mob","graphCoordinates":{"x":1378.01,"y":-1923.32},"blocks":[{"id":"xhecqkcvnhzpdym0vz6hmd9j","type":"text","content":{"richText":[{"type":"p","children":[{"bold":true,"text":"{{pushName}}"},{"text":",  👉  "},{"bold":true,"text":"Digite uma das opções abaixo:","italic":true},{"text":" ⬇️ "}]},{"type":"p","children":[{"bold":true,"text":""}]},{"type":"p","children":[{"bold":true,"text":"1"},{"text":" -  Erro de Sincronização "}]},{"type":"p","children":[{"bold":true,"text":"2"},{"text":" - Aplicativo fechou sozinho "}]},{"type":"p","children":[{"bold":true,"text":"3"},{"text":" - Cadastro de Clientes "}]},{"type":"p","children":[{"bold":true,"text":"4"},{"text":" - Voltar ao Menu Principal "}]},{"type":"p","children":[{"bold":true,"text":"5"},{"text":" - Outras Duvidas  "}]},{"type":"p","children":[{"text":""}]}]}},{"id":"twgf1yezuai9ofagktg6742l","outgoingEdgeId":"unsqfu1nsflkgx18erhsw86j","type":"number input","options":{"variableId":"vqpuplgq12kv5uj3gmw3v59qp","labels":{"placeholder":"","button":"Enviar"},"min":1,"max":5}}]},{"id":"swdhx867jb1rgk81mhgmln01","title":"menu sistema","graphCoordinates":{"x":1785.04,"y":-1472.76},"blocks":[{"id":"s1uhkhzhkumul226dnjcf66b","type":"Condition","items":[{"id":"gsscmita5o6jz4llg60xt5n4","outgoingEdgeId":"b5u0cowosx458v13jjrh4mu6","content":{"logicalOperator":"AND","comparisons":[{"id":"f30hjvasuiwvf4a1sqrxiple","variableId":"vqpuplgq12kv5uj3gmw3v59qp","comparisonOperator":"Equal to","value":"1"}]}},{"id":"w5t20p73hq184e79b31s3ys5","outgoingEdgeId":"y9i7goawzwyxv7x60m7k12ko","content":{"logicalOperator":"AND","comparisons":[{"id":"y8oznu2tauwxq2v8f4ltabu4","variableId":"vqpuplgq12kv5uj3gmw3v59qp","comparisonOperator":"Equal to","value":"2"}]}},{"id":"bw4ikknlaepnwbwjvvzy713x","outgoingEdgeId":"te4edphj2oeq34qq70ti56q3","content":{"logicalOperator":"AND","comparisons":[{"id":"jgllyhb6wkuzf04advu17aai","variableId":"vqpuplgq12kv5uj3gmw3v59qp","comparisonOperator":"Equal to","value":"3"}]}},{"id":"oeb2t5hxzn8yr305z07cy7w6","outgoingEdgeId":"yzuz9pjll13bltxx6p8y2r6f","content":{"logicalOperator":"AND","comparisons":[{"id":"jgllyhb6wkuzf04advu17aai","variableId":"vqpuplgq12kv5uj3gmw3v59qp","comparisonOperator":"Equal to","value":"4"}]}},{"id":"qjrixxo9qoe7adn4bav8plyl","outgoingEdgeId":"nz4r6vk3ozkhn7ii7esnho9k","content":{"comparisons":[{"id":"smml2stj7fwx7s4bszybw540","variableId":"vqpuplgq12kv5uj3gmw3v59qp","comparisonOperator":"Equal to","value":"5"}]}}]}]},{"id":"nkalxv12l5l3dndh90uqdmks","title":"Erro Sinc","graphCoordinates":{"x":2324.83,"y":-1465.16},"blocks":[{"id":"n006pc78ry6qnjvf4r8bbink","type":"text","content":{"richText":[{"type":"p","children":[{"text":"Aguarde um momento {{pushName}}, o "},{"bold":true,"text":"técnico"},{"text":" entrará em contato !"}]}]}},{"id":"zbkkjb3fwi3uausq5ip801hd","outgoingEdgeId":"smr2v2fwfm8sq0a33xy4h3g9","type":"Wait","options":{"secondsToWaitFor":"10"}}]},{"id":"tqad31whhpgh9lazmpiqtonq","title":"cadastro","graphCoordinates":{"x":2252.96,"y":-1104.4},"blocks":[{"id":"dkduc4hqhb9f5k8iusiyvoxr","type":"text","content":{"richText":[{"type":"p","children":[{"text":"{{pushName}} Essa Questão é com outro Setor, Por favor se informar com seu Suervisor !"}]}]}},{"id":"lobwk87yaqm53rk371egd0i1","outgoingEdgeId":"mk20y1s76nxaxrz3lbvi3ynq","type":"Wait","options":{"secondsToWaitFor":"10"}}]},{"id":"r22g6qots51haron1skipb0z","title":"","graphCoordinates":{"x":2257.67,"y":-847.75},"blocks":[{"id":"palqvx32mo8yrwfmb7oa6p1q","type":"Jump","options":{"groupId":"gewg23mey5xygdptrkh8cgax"}}]},{"id":"m0y3g2wfv0jqq0avhfnheki7","title":"pular ","graphCoordinates":{"x":3380.17,"y":637.67},"blocks":[{"id":"jzw81xoj55hy6wbd6419nqur","type":"Jump","options":{"groupId":"gewg23mey5xygdptrkh8cgax"}}]},{"id":"m5p2fqabdg8hcuu35aogdx4p","title":"Retornar ao menu","graphCoordinates":{"x":2916.57,"y":436.91},"blocks":[{"id":"efigykoym6sxg9jnqryfxn1n","type":"text","content":{"richText":[{"type":"p","children":[{"text":" "},{"bold":true,"text":"{{pushName}}"},{"text":", Gostaria de Retorna ao menu ?"}]},{"type":"p","children":[{"text":""}]}]}},{"id":"cxjyfl4wdymhvkw76tkrym4h","type":"text","content":{"richText":[{"type":"p","children":[{"text":"👉 "},{"bold":true,"text":"Digite uma das opções abaixo:","italic":true},{"text":" ⬇️ "}]}]}},{"id":"e85046ruz5gajucqurwqehrf","type":"Set variable","options":{"variableId":"vrgq58spl8nb5u5pots0cifgg","type":"Custom"}},{"id":"dvby59gs02bvqs72ej90nocf","type":"choice input","items":[{"id":"fpgl8ucp9hftfy4rhhs6wwhq","outgoingEdgeId":"wt4bs1lv5jkvd56nfz3mhrc5","content":"Sim"},{"id":"i7cb7fo4s85nc452bym9uvao","outgoingEdgeId":"eftkw86429v057gmoq8tioc9","content":"Não"}],"options":{"variableId":"vrgq58spl8nb5u5pots0cifgg"}}]},{"id":"fl0jrmvjpfzgb8wh32ciak27","title":"Aguarde tec","graphCoordinates":{"x":3379.73,"y":782.48},"blocks":[{"id":"olz2yt7jqktdybuyfm4e7lqr","outgoingEdgeId":"qs50lrdnm9p1i8utuhagtxqq","type":"text","content":{"richText":[{"type":"p","children":[{"text":"Aguarde um momento, o "},{"bold":true,"text":"técnico"},{"text":" entrará em contato !"}]}]}}]},{"id":"sqh8r60r8cfycox302cpf4e6","title":"retorno","graphCoordinates":{"x":3866.17,"y":787.17},"blocks":[{"id":"gx7xlhypa99lj0z44sx22zb2","type":"text input","options":{"labels":{"placeholder":""}}},{"id":"ox4ekapgf9r3kt8u4x4knz85","outgoingEdgeId":"hitjtd0q1s1ipyekusg0jei3","type":"text input","options":{"labels":{"placeholder":""}}}]},{"id":"pu0a3ykn31hh3fq3zj1ueoj8","title":"","graphCoordinates":{"x":1433.53,"y":-1060.21},"blocks":[{"id":"rolze3cdabjvk67smgfdn9x6","type":"text","content":{"richText":[{"type":"p","children":[{"text":"Olá, {{pushName}}!  Antes de prosseguir com a solicitação da senha Wi-Fi, preciso confirmar sua função e equipe."}]},{"type":"p","children":[{"text":" "}]},{"type":"p","children":[{"text":"👉 "},{"bold":true,"text":"Digite uma das opções abaixo:","italic":true},{"text":" ⬇️ "}]}]}},{"id":"evctw95iith0cbcd463wahwt","type":"choice input","items":[{"id":"g6phzqc4maflgh1rmwum8pah","outgoingEdgeId":"i48kpuvgcpefvmmal1renoa5","content":" Supervisor","displayCondition":{"isEnabled":false,"condition":{"logicalOperator":"AND","comparisons":[{"id":"soj9diz29beta8kcu7hwdbhn","variableId":"vohbwuj56yg2d0yloitc8cm49","value":"{{[Senhas] Supervisor}}"}]}}},{"id":"kviwni4cp50bp6148ncweewx","outgoingEdgeId":"vcrzbhlv4uw1u6oemh2eogal","content":"Vendedor da Equipe Especial","displayCondition":{"isEnabled":false,"condition":{"logicalOperator":"AND","comparisons":[{"id":"j8ctt3zpiq8oiyp1bhbwtiwr","variableId":"vpg3yvcl7sygt1gfrfawxqwr5","value":"{{[Senhas] Vendedor da Equipe Especial}}"}]}}},{"id":"q4lajwm5dw6dp7hc9494sjdx","outgoingEdgeId":"mnvc5kt6hb7ddfuo6jm70646","content":"Gerente","displayCondition":{"isEnabled":false,"condition":{"logicalOperator":"AND","comparisons":[{"id":"siqiw69wbmd41kscwx1oxwui","variableId":"vkf9tno7bcmwklo4p1svgpakh","comparisonOperator":"Equal to","value":"{{[Senha] Gerente}}"}]}}},{"id":"wt4nlwzhrs27z90ic24gse6v","outgoingEdgeId":"zn5f8qgy6pyfzih2nmqr9ltp","content":"Vendedor Med","displayCondition":{"isEnabled":false,"condition":{"logicalOperator":"AND","comparisons":[{"id":"scqmju57uy9dus2mqa9uv7js","variableId":"vvaqp15tg9q783tzcwiixvk9j","value":"{{[Senhas] Vendedor Medicamento}}"}]}}},{"id":"af61k97x7bp661s53mc6683d","outgoingEdgeId":"spnmz5globux1kvpspviaqs1","content":"Vendedor Ali","displayCondition":{"isEnabled":false,"condition":{"logicalOperator":"AND","comparisons":[{"id":"zmpwm7jjjjwxnw2sb87exogb","variableId":"vj2didfsxd3ikgf8wajfovl5d","comparisonOperator":"Equal to","value":"{{[Senhas] Vendedor Alimento}}"}]}}}],"options":{"variableId":"vbi7yf5y9ywmci2pkqy6cl8br"}}]},{"id":"vjgyq08kfjzi0og90bz427bs","title":"Senha [X]","graphCoordinates":{"x":1980.96,"y":-351.85},"blocks":[{"id":"ynqvecjpk3s4af0hlrla6h82","outgoingEdgeId":"mwu5goa6oiqvdgsfd1vcdsf7","type":"text","content":{"richText":[{"type":"p","children":[{"text":"Desculpe, {{pushName}}, mas a senha Wi-Fi PROSPER GUEST só pode ser solicitada por Supervisores, Vendedores da Equipe Especial e Gerentes. Caso precise de acesso, entre em contato com sua liderança. "}]}]}}]},{"id":"qtoocij85jmql58kndfoatnr","title":"Group #25","graphCoordinates":{"x":3413.67,"y":-1499.3},"blocks":[{"id":"gswt3tk8yhp59jnpkg7a88cv","type":"Google Sheets","options":{"credentialsId":"cm8s55kmh000wad6yh2rotfiy","sheetId":"0","spreadsheetId":"1qLGNAkAVFzAcxQhfFgBzRBfIbDXFrTNFsNA_lTeSZeE","action":"Get data from sheet","cellsToExtract":[{"id":"re8jyn98dxvf2o3ov7cwxf9x","column":"Vendedor","variableId":"vniwwwd0a6wyy659075iwgom6"}],"totalRowsToExtract":"First"}},{"id":"ir9niyu4lr8b5lnxxkrviobl","type":"Webhook","options":{"responseVariableMapping":[{"id":"hms6z88cl4c1uji2wk0b3ecd","variableId":"vniwwwd0a6wyy659075iwgom6","bodyPath":"{{resposta.senha}}"}],"isAdvancedConfig":true,"webhook":{"method":"GET","url":"https://script.google.com/macros/s/AKfycbzgt6upfxWb89vr_Cf76HJ0dvYlo2Vp_e16VK3QPqEykZuWWknipsN0tiuPt6oIIUSA1Q/exec"}}},{"id":"ybk32mv2x0d7ryqsbt3l49hz","type":"text","content":{"richText":[{"type":"p","children":[{"text":"Sua senha "},{"bold":true,"text":"Prosper Guest Wi-fi ","italic":true},{"text":"é : {{resposta.senha}} "}]}]}}]}],"edges":[{"id":"yfdq588x3wbbvt4bjwftline","from":{"eventId":"bflmjw0ixp53jvvgony72b3v"},"to":{"groupId":"cp2qnhz4bsfnmp5ypssrlo14"}},{"id":"q3fvp0a66z625v5m3htncmqb","from":{"blockId":"myq8q1fd1b98uantngw8mggj"},"to":{"groupId":"cfu6adwlopvoev43z2bckr21"}},{"id":"at2lca2izs58u6z87eegsw7q","from":{"blockId":"tgha1pg5r6jpojsthixutivz"},"to":{"groupId":"u5ehh2r6clrzxw8sfkt8mpeq"}},{"id":"dyno555a8qhme91623ocqm7t","from":{"blockId":"nkzxjflps13kwyld6l15m6r1"},"to":{"groupId":"r7b2zkzzlrcyxj9u70u33doa"}},{"id":"lcckgo5jeh8dq6quucb2ievg","from":{"blockId":"ia3wiut5eh9xxivhe2kvip5g","itemId":"m9wh6gmfkk9n3viuqkdosv2l"},"to":{"groupId":"yva6mzyg8njyt7o24sgooda9"}},{"id":"eu9lspkplms769aw3otah0m0","from":{"blockId":"ia3wiut5eh9xxivhe2kvip5g","itemId":"sdhoe9rgg6bir0bulcqbz2n9"},"to":{"groupId":"lcltkcjra4uyh5ymfji1ks9y","blockId":"qq74obxvwn2lq67n854g1i4x"}},{"id":"pk3ipq5fw976jb0z1slkplgp","from":{"blockId":"ia3wiut5eh9xxivhe2kvip5g","itemId":"amqemche34tcpybhbb0w25lc"},"to":{"groupId":"pgen88bpwkrx4lwnwlz73pj4"}},{"id":"q19ix1ldlt5qx5i38ckosqgn","from":{"blockId":"ia3wiut5eh9xxivhe2kvip5g","itemId":"jaf33dv3nio2cv7tf3pc7tbm"},"to":{"groupId":"bzeudg05v6em33sfer7b3o0d"}},{"id":"r4qh46mo1mi5cnr47g0w8huq","from":{"blockId":"ia3wiut5eh9xxivhe2kvip5g","itemId":"xh1f0ac2zcnexho06z0yw7x7"},"to":{"groupId":"fy810wz7zszc61xjld92nxjc"}},{"id":"xlmbhh9900tkyej7zmbat4fc","from":{"blockId":"ia3wiut5eh9xxivhe2kvip5g","itemId":"gqdjn6vhrtxs887krdn87l9h"},"to":{"groupId":"fi8egpq3va6jqbb6zss7n913","blockId":"qbhwyxmkfnwge2kw5u3h2guh"}},{"id":"bza3ewgt7namuuzfbywxwilp","from":{"blockId":"ia3wiut5eh9xxivhe2kvip5g","itemId":"n2p4c58n3cg400x7uvp51f2n"},"to":{"groupId":"lezobxy9r8v5ak4lrrlqpv4b"}},{"id":"unsqfu1nsflkgx18erhsw86j","from":{"blockId":"twgf1yezuai9ofagktg6742l"},"to":{"groupId":"swdhx867jb1rgk81mhgmln01"}},{"id":"b5u0cowosx458v13jjrh4mu6","from":{"blockId":"s1uhkhzhkumul226dnjcf66b","itemId":"gsscmita5o6jz4llg60xt5n4"},"to":{"groupId":"nkalxv12l5l3dndh90uqdmks"}},{"id":"te4edphj2oeq34qq70ti56q3","from":{"blockId":"s1uhkhzhkumul226dnjcf66b","itemId":"bw4ikknlaepnwbwjvvzy713x"},"to":{"groupId":"tqad31whhpgh9lazmpiqtonq"}},{"id":"y9i7goawzwyxv7x60m7k12ko","from":{"blockId":"s1uhkhzhkumul226dnjcf66b","itemId":"w5t20p73hq184e79b31s3ys5"},"to":{"groupId":"nkalxv12l5l3dndh90uqdmks","blockId":"n006pc78ry6qnjvf4r8bbink"}},{"id":"sje6b8xhes7w5g0l7ghi1a88","from":{"blockId":"ia3wiut5eh9xxivhe2kvip5g","itemId":"i46sjeohg055o4r89qg9nr5m"},"to":{"groupId":"m9i0iyn8oigyiewbhdkakqfl"}},{"id":"nz4r6vk3ozkhn7ii7esnho9k","from":{"blockId":"s1uhkhzhkumul226dnjcf66b","itemId":"qjrixxo9qoe7adn4bav8plyl"},"to":{"groupId":"nkalxv12l5l3dndh90uqdmks"}},{"id":"yzuz9pjll13bltxx6p8y2r6f","from":{"blockId":"s1uhkhzhkumul226dnjcf66b","itemId":"oeb2t5hxzn8yr305z07cy7w6"},"to":{"groupId":"r22g6qots51haron1skipb0z"}},{"id":"wt4bs1lv5jkvd56nfz3mhrc5","from":{"blockId":"dvby59gs02bvqs72ej90nocf","itemId":"fpgl8ucp9hftfy4rhhs6wwhq"},"to":{"groupId":"m0y3g2wfv0jqq0avhfnheki7"}},{"id":"eftkw86429v057gmoq8tioc9","from":{"blockId":"dvby59gs02bvqs72ej90nocf","itemId":"i7cb7fo4s85nc452bym9uvao"},"to":{"groupId":"fl0jrmvjpfzgb8wh32ciak27"}},{"id":"m3vy11cl6jugcpn42a0tpzc8","from":{"blockId":"xx4fktrnh0jkp5qal6s1ybmu"},"to":{"groupId":"m5p2fqabdg8hcuu35aogdx4p"}},{"id":"j9c4ruixd0bcd3lszt34hes0","from":{"blockId":"nzqj0e4yp6323hlsoyvdm12q"},"to":{"groupId":"gewg23mey5xygdptrkh8cgax"}},{"id":"qs50lrdnm9p1i8utuhagtxqq","from":{"blockId":"olz2yt7jqktdybuyfm4e7lqr"},"to":{"groupId":"sqh8r60r8cfycox302cpf4e6"}},{"id":"hitjtd0q1s1ipyekusg0jei3","from":{"blockId":"ox4ekapgf9r3kt8u4x4knz85"},"to":{"groupId":"sqh8r60r8cfycox302cpf4e6","blockId":"gx7xlhypa99lj0z44sx22zb2"}},{"id":"y72yqqsov7j6nve8mkfcpzm5","from":{"blockId":"fhn2cixfopi03v4jrj8r6mf4"},"to":{"groupId":"m5p2fqabdg8hcuu35aogdx4p"}},{"id":"y1i5swo5j3zsk4ieeof6ju8s","from":{"blockId":"mi843itetgi1wbyk5g02qap3"},"to":{"groupId":"m5p2fqabdg8hcuu35aogdx4p"}},{"id":"g6qfftaay6k7f25mazclsvb6","from":{"blockId":"pbmmgu9mzpbgb69bgnmv07kg"},"to":{"groupId":"m5p2fqabdg8hcuu35aogdx4p"}},{"id":"omfsec3zocxw526mifd7sk8d","from":{"blockId":"emw4r282483x3ijqv8a1zdek"},"to":{"groupId":"m5p2fqabdg8hcuu35aogdx4p"}},{"id":"xi8kb3v6ap5ph35iord6t492","from":{"blockId":"u27umtehmpw5j0zylt1a8uds"},"to":{"groupId":"m5p2fqabdg8hcuu35aogdx4p"}},{"id":"mk20y1s76nxaxrz3lbvi3ynq","from":{"blockId":"lobwk87yaqm53rk371egd0i1"},"to":{"groupId":"m5p2fqabdg8hcuu35aogdx4p"}},{"id":"smr2v2fwfm8sq0a33xy4h3g9","from":{"blockId":"zbkkjb3fwi3uausq5ip801hd"},"to":{"groupId":"m5p2fqabdg8hcuu35aogdx4p"}},{"id":"b1y6fqmhf2kbpvnyjt2epstd","from":{"blockId":"fbw44jh8ldr0l4ixtpbyin0j"},"to":{"groupId":"m5p2fqabdg8hcuu35aogdx4p"}},{"id":"bukpmt76bq52m77k5e9vs0k9","from":{"blockId":"ia3wiut5eh9xxivhe2kvip5g","itemId":"i974yz8gzfgwv0mv2mtc043a"},"to":{"groupId":"pu0a3ykn31hh3fq3zj1ueoj8"}},{"id":"zn5f8qgy6pyfzih2nmqr9ltp","from":{"blockId":"evctw95iith0cbcd463wahwt","itemId":"wt4nlwzhrs27z90ic24gse6v"},"to":{"groupId":"vjgyq08kfjzi0og90bz427bs"}},{"id":"spnmz5globux1kvpspviaqs1","from":{"blockId":"evctw95iith0cbcd463wahwt","itemId":"af61k97x7bp661s53mc6683d"},"to":{"groupId":"vjgyq08kfjzi0og90bz427bs"}},{"id":"mwu5goa6oiqvdgsfd1vcdsf7","from":{"blockId":"ynqvecjpk3s4af0hlrla6h82"},"to":{"groupId":"m5p2fqabdg8hcuu35aogdx4p"}},{"id":"i48kpuvgcpefvmmal1renoa5","from":{"blockId":"evctw95iith0cbcd463wahwt","itemId":"g6phzqc4maflgh1rmwum8pah"},"to":{"groupId":"qtoocij85jmql58kndfoatnr","blockId":"gswt3tk8yhp59jnpkg7a88cv"}},{"id":"vcrzbhlv4uw1u6oemh2eogal","from":{"blockId":"evctw95iith0cbcd463wahwt","itemId":"kviwni4cp50bp6148ncweewx"},"to":{"groupId":"qtoocij85jmql58kndfoatnr","blockId":"gswt3tk8yhp59jnpkg7a88cv"}},{"id":"mnvc5kt6hb7ddfuo6jm70646","from":{"blockId":"evctw95iith0cbcd463wahwt","itemId":"q4lajwm5dw6dp7hc9494sjdx"},"to":{"groupId":"qtoocij85jmql58kndfoatnr","blockId":"gswt3tk8yhp59jnpkg7a88cv"}}],"variables":[{"id":"vniwwwd0a6wyy659075iwgom6","name":"resposta.senha","isSessionVariable":true},{"id":"vf7obfruw10594cp1eflkqfax","name":"função verificarLimite(vendedor):","isSessionVariable":false},{"id":"vvg96y4vcssfdykcw58uh9u2f","name":"função marcarSenhaComoUsada(vendedor):","isSessionVariable":false},{"id":"vjel4zh2uhdzu2i43exsqsdf3","name":"função obterSenha(vendedor):","isSessionVariable":false},{"id":"vtofe54bcfv8unrlu8eier7ct","name":"indice_vendedor_alimento","isSessionVariable":true},{"id":"vag5p8c8d15jlasobawkzzpz4","name":"indice_vendedor_medicamento","isSessionVariable":true},{"id":"vh5pj7q8t6bb95yiuointynfk","name":"indice_vendedor_especial","isSessionVariable":true},{"id":"vl92uhpiafpft2eajgrtux3mz","name":"indice_gerente","isSessionVariable":true},{"id":"vm5rlk84u8r7z4b0kyxll19cf","name":"indice_supervisor","isSessionVariable":true},{"id":"vj2didfsxd3ikgf8wajfovl5d","name":"[Senhas] Vendedor Alimento","isSessionVariable":true},{"id":"vvaqp15tg9q783tzcwiixvk9j","name":"[Senhas] Vendedor Medicamento","isSessionVariable":true},{"id":"vkf9tno7bcmwklo4p1svgpakh","name":"[Senha] Gerente","isSessionVariable":true},{"id":"vpg3yvcl7sygt1gfrfawxqwr5","name":"[Senhas] Vendedor da Equipe Especial","isSessionVariable":true},{"id":"vohbwuj56yg2d0yloitc8cm49","name":"[Senhas] Supervisor","isSessionVariable":true},{"id":"vck33oo0npvw8jj1i2j7w5pof","name":"Senha Atual","isSessionVariable":true},{"id":"vpvjihehxnl0z1s3bwmlxbdq4","name":"senhaArray","isSessionVariable":true},{"id":"vetkijg1vxsza9povxodjpys7","name":"data","isSessionVariable":true},{"id":"vui2hqvtqdo7dymgqeoiqhd86","name":"currentPassword","isSessionVariable":true},{"id":"vhaclz2wyuyroh2b9xhf7aqe7","name":"currentIndex","isSessionVariable":false},{"id":"vqugo2jsligptlzu00c0rf6au","name":"Não","isSessionVariable":true},{"id":"vomv8fufqavq5f8155zzoed5b","name":"Sim ","isSessionVariable":true},{"id":"vn950oqb6vkoqy24nm2ceiw4v","name":"Deseja retornar ao menu ?","isSessionVariable":true},{"id":"vqpuplgq12kv5uj3gmw3v59qp","name":"menu","isSessionVariable":false},{"id":"vvl9jdedhku3yvjdzzcwu8eo0","name":"modelo","isSessionVariable":false},{"id":"vh6u8bcvoq51dbl26yjbyvsev","name":"🔄 Outras questões","isSessionVariable":false},{"id":"vuq9gnyx8y9tsdo775xisqdf5","name":"orçamento-modelo","isSessionVariable":false},{"id":"vu935lrvls0fdyypopbfc0eu0","name":"orçamento-problema","isSessionVariable":false},{"id":"vval0xv9xy2jfucfprbk5x0yu","name":"ID"},{"id":"vy9zef4o7jy3lcfdk7czgpxx3","name":"remoteJid"},{"id":"vjzfqb5swoqliub4mg66tjiwj","name":"pushName"},{"id":"vyhjuhh0y4y26eew51ge00rpe","name":"saudacao"},{"id":"va9e4xxzoblvnh5ua0q9cgs0e","name":"baseUrl"},{"id":"vwlz63r3363dj516oi0wz3ku2","name":"instance"},{"id":"vb9nwuywe29ho49y49nu3jdlw","name":"apikey"},{"id":"vthdo745gwk1xonxp2po8vv6t","name":"message"}],"theme":{},"selectedThemeTemplateId":"typebot-light","settings":{"general":{"isBrandingEnabled":false,"isInputPrefillEnabled":true,"isHideQueryParamsEnabled":true,"rememberUser":{"isEnabled":false}},"typingEmulation":{"enabled":true,"speed":300,"maxDelay":1.5},"metadata":{"description":"Build beautiful conversational forms and embed them directly in your applications without a line of code. Triple your response rate and collect answers that has more value compared to a traditional form."}},"createdAt":"2025-03-13T23:21:50.311Z","updatedAt":"2025-03-28T14:01:25.635Z","icon":"data:image/svg+xml;utf8,<svg fill='%23ffffff' xmlns='http://www.w3.org/2000/svg' viewBox='0 0 320 512'><!--! Font Awesome Free 6.4.0 by @fontawesome - https://fontawesome.com License - https://fontawesome.com/license/free (Icons: CC BY 4.0, Fonts: SIL OFL 1.1, Code: MIT License) Copyright 2023 Fonticons, Inc. --><path d='M0 64C0 28.7 28.7 0 64 0H256c35.3 0 64 28.7 64 64V448c0 35.3-28.7 64-64 64H64c-35.3 0-64-28.7-64-64V64zm64 96v64c0 17.7 14.3 32 32 32H224c17.7 0 32-14.3 32-32V160c0-17.7-14.3-32-32-32H96c-17.7 0-32 14.3-32 32zM80 352a24 24 0 1 0 0-48 24 24 0 1 0 0 48zm24 56a24 24 0 1 0 -48 0 24 24 0 1 0 48 0zm56-56a24 24 0 1 0 0-48 24 24 0 1 0 0 48zm24 56a24 24 0 1 0 -48 0 24 24 0 1 0 48 0zm56-56a24 24 0 1 0 0-48 24 24 0 1 0 0 48zm24 56a24 24 0 1 0 -48 0 24 24 0 1 0 48 0zM128 48c-8.8 0-16 7.2-16 16s7.2 16 16 16h64c8.8 0 16-7.2 16-16s-7.2-16-16-16H128z'/></svg>","folderId":null,"publicId":"assist-ncia-t-cnica-de-celulares-y8mi85w","customDomain":null,"workspaceId":"cm86juuat0000gq93ids0wvmw","resultsTablePreferences":null,"isArchived":false,"isClosed":false,"whatsAppCredentialsId":null,"riskLevel":null}